1,Melisa hackman,Melisa_hackman.jpg,2298261947
2,Matilda Primrose,Matilda_Primrose.jpg,9687514381
3,Maria Sheldon,Maria_Sheldon.jpg,1485869209
4,Mariah Jarvis,Mariah_Jarvis.jpg,5495870207
5,Malorie Goodwin,Malorie_Goodwin.jpg,1891526439
6,Madison Lynn,Madison_Lynn.jpg,1756284535
7,Madeleine Hannah,Madeleine_Hannah.jpg,1357064052
8,Lindley Jessica,Lindley_Jessica.jpg,2252203673
9,Laurence McCabe,Laurence_McCabe.jpg,2823624207
10,Kayla strout,Kayla_strout.jpg,3547393529
11,Katie miller,Katie_miller.jpg,2976544083
12,Kara warren,Kara_warren.jpg,6410210569
13,Janet heza,Janet_heza.jpg,2365090468
14,Jane Mist,Jane_Mist.jpg,5323422772
15,Jack Henry,Jack_Henry.jpg,1749446919
16,Jack Chapman,Jack_Chapman.jpg,4756924937
17,Isabella Queen,Isabella_Queen.jpg,2203058710
18,Ike Harrison,Ike_Harrison.jpg,7361753869
19,Holly Stein,Holly_Stein.jpg,1180246781
20,Henry James,Henry_James.jpg,1639203505
21,Harry Godwin,Harry_Godwin.jpg,1535810401
22,Hanna Riley,Hanna_Riley.jpg,8468278252
23,Hanna Fay,Hanna_Fay.jpg,1601918414
24,Hallie Smith,Hallie_Smith.jpg,1474616933
25,Halley Brianne,Halley_Brianne.jpg,3344971527
26,Gordon Vincent,Gordon_Vincent.jpg,3266562783
27,Gordon Thomas,Gordon_Thomas.jpg,1321226369
28,Gordon Mitchell,Gordon_Mitchell.jpg,5794895248
29,Gordon Miles,Gordon_Miles.jpg,3871829628
30,Gordon Mason,Gordon_Mason.jpg,1500859251
31,Gordon Levi,Gordon_Levi.jpg,5750060657
32,Gordon Cade,Gordon_Cade.jpg,1826597100
33,George Chalk,George_Chalk.jpg,2214428854
34,Gary Deskent,Gary_Deskent.jpg,2018950219
35,Gabriella Marshalls,Gabriella_Marshalls.jpg,9626546391
36,Gabriel David,Gabriel_David.jpg,7826462421
37,Francesca Pearl,Francesca_Pearl.jpg,2793910444
38,Francesca Leonie ,Francesca_Leonie .jpg,1620272358
39,Finn Casper,Finn_Casper.jpg,1601573844
40,Felicity Stark,Felicity_Stark.jpg,3182542655
41,Fabio Stocker,Fabio_Stocker.jpg,5393901846
42,Esther Abigail,Esther_Abigail.jpg,4464238183
43,Erik ochoa,Erik_ochoa.jpg,8039243331
44,Eric greenwood,Eric_greenwood.jpg,1499357492
45,Emily stockman,Emily_stockman.jpg,6703402621
46,Emily lomba,Emily_lomba.jpg,3902841574
47,Emerson Gordon,Emerson_Gordon.jpg,2841766864
48,Emerald Lee,Emerald_Lee.jpg,2449990776
49,Ellie Hayden,Ellie_Hayden.jpg,1256933247
50,Elijah Gordon,Elijah_Gordon.jpg,1937122168
51,Eliana Avery,Eliana_Avery.jpg,2204550434
52,Eleanor Kate,Eleanor_Kate.jpg,1476652458
53,Dean shanks,Dean_shanks.jpg,2603750509
54,Daniel miller,Daniel_miller.jpg,1303164502
55,Danielle Weaver,Danielle_Weaver.jpg,1287009434
56,Danielle Thomas,Danielle_Thomas.jpg,8622835735
57,Daniel Graham,Daniel_Graham.jpg,2330882808
58,Dalton perry,Dalton_perry.jpg,5003296292
59,Curtis uyemoto,Curtis_uyemoto.jpg,2795946955
60,Cody blagg,Cody_blagg.jpg,8892838329
61,Christine lomba,Christine_lomba.jpg,1846290329
62,Chloe Renee,Chloe_Renee.jpg,2366093847
63,Chloe Rain,Chloe_Rain.jpg,1640958061
64,Chase Harvey,Chase_Harvey.jpg,3242768942
65,Cecilia Rose,Cecilia_Rose.jpg,1353424065
66,Casper Thomas,Casper_Thomas.jpg,5383258590
67,Carly DeSembro,Carly_DeSembro.jpg,1008568360
68,Carl  Advento,Carl_ Advento.jpg,1486135126
69,Cameron James ,Cameron_James .jpg,3298286067
70,Camden Thor,Camden_Thor.jpg,2559368431
71,Callum James,Callum_James.jpg,2063553908
72,Callista Paige,Callista_Paige.jpg,2837000472
73,Brett Gordon,Brett_Gordon.jpg,7432200290
74,Bill Tellimy,Bill_Tellimy.jpg,3439750131
75,Bella Leonie,Bella_Leonie.jpg,2988168205
76,Becky Muggah,Becky_Muggah.jpg,1988497722
77,Beatrice Pearl,Beatrice_Pearl.jpg,3566735057
78,Barbra McKinley,Barbra_McKinley.jpg,2190849347
79,August Samuel,August_Samuel.jpg,2318820221
80,Audrey Matilda,Audrey_Matilda.jpg,1851219169
81,Audrey Maltilda,Audrey_Maltilda.jpg,5160147247
82,Ashley Dexley,Ashley_Dexley.jpg,2966644639
83,Anneliese June,Anneliese_June.jpg,3256641474
84,Angela Saige,Angela_Saige.jpg,3868235901
85,Allisa May,Allisa_May.jpg,1343274440
86,Allisa griffis,Allisa_griffis.jpg,7510263912
87,Alex Sheldon,Alex_Sheldon.jpg,2404886758
88,Alex mello,Alex_mello.jpg,2026630776
89,Alexis Faith,Alexis_Faith.jpg,3193260389
90,Alex Beasley,Alex_Beasley.jpg,2365635593
91,Alexander Gordon,Alexander_Gordon.jpg,5667731439
92,Alesandra Faith,Alesandra_Faith.jpg,1123779440
93,Alec miller,Alec_miller.jpg,1870222433
94,Ainsley Hope,Ainsley_Hope.jpg,2608527589
95,Aidan Patrick,Aidan_Patrick.jpg,1325190141
96,Aidan Gordon,Aidan_Gordon.jpg,4843446860
97,Adrian saiz,Adrian_saiz.jpg,2558699245
98,Adeline Selina,Adeline_Selina.jpg,1327797121
99,Adeline Ruth,Adeline_Ruth.jpg,1820644225
100,Adam russel,Adam_russel.jpg,1744130489
101,Abbie Joy,Abbie_Joy.jpg,7430418884
102,Aaliyah Jade,Aaliyah_Jade.jpg,2832589810
103,Yana Fuchs,Yana_Fuchs.jpg,1343789304
104,Wojtek Karjalainen,Wojtek_Karjalainen.jpg,1812901680
105,Wihelmina Ruth,Wihelmina_Ruth.jpg,2874093501
106,Wendell Frost,Wendell_Frost.jpg,1575887589
107,Vladislav Laitinen,Vladislav_Laitinen.jpg,2848095729
108,Vanessa uribe,Vanessa_uribe.jpg,2988670964
109,Vadim Kinnunen,Vadim_Kinnunen.jpg,5841685035
110,Tereza Pichler,Tereza_Pichler.jpg,1575038854
111,Taylor McCuteon,Taylor_McCuteon.jpg,7668525925
112,Tara merino,Tara_merino.jpg,8018729528
113,Stephanie bolhmann,Stephanie_bolhmann.jpg,7022012026
114,Stacey Randle,Stacey_Randle.jpg,1438868212
115,Sophia Snow,Sophia_Snow.jpg,8283649038
116,Sofia Weber,Sofia_Weber.jpg,1842664522
117,Seamus Reilly,Seamus_Reilly.jpg,9697279253
118,Sasha Essam,Sasha_Essam.jpg,1970889592
119,Sara Harvey,Sara_Harvey.jpg,1446390683
120,Sabrina Farley,Sabrina_Farley.jpg,1051930216
121,Ruslan Heinonen,Ruslan_Heinonen.jpg,1068768247
122,Ruben siaz,Ruben_siaz.jpg,3172799121
123,Rosa villa,Rosa_villa.jpg,2188277594
124,Roman Laine,Roman_Laine.jpg,1733918094
125,Robert ochoa,Robert_ochoa.jpg,3971095133
126,Polina Bauer,Polina_Bauer.jpg,2658426845
127,Peyton Gordon,Peyton_Gordon.jpg,1510764726
128,Patryk Nieminen,Patryk_Nieminen.jpg,2294953623
129,Patrik Niemi,Patrik_Niemi.jpg,2564567672
130,Olivia Claire,Olivia_Claire.jpg,6791028811
131,Olivia Chantal,Olivia_Chantal.jpg,2847701154
132,Oliver David,Oliver_David.jpg,2365711289
133,Oleg Koskinen,Oleg_Koskinen.jpg,7551710076
134,Nick saiz,Nick_saiz.jpg,9498149698
135,Nia onit,Nia_onit.jpg,1493352904
136,Nathan Scott,Nathan_Scott.jpg,3328145079
137,Natasha Hofer,Natasha_Hofer.jpg,2908755879
138,Nadia Elyse,Nadia_Elyse.jpg,3402047005
139,Miles Johan,Miles_Johan.jpg,2145224809
140,Michal Rantanen,Michal_Rantanen.jpg,1962167913
141,Micha Heikkinen,Micha_Heikkinen.jpg,3388609884
142,Mia Jane,Mia_Jane.jpg,3355778390
143,Maxim Virtanen,Maxim_Virtanen.jpg,2624405271
144,Matthew Henry,Matthew_Henry.jpg,2979263018
145,Mason Gordon,Mason_Gordon.jpg,2617597660
146,Masha Fischer,Masha_Fischer.jpg,1871579519
147,Martina Maier,Martina_Maier.jpg,1636315535
148,Mark Lehtinen,Mark_Lehtinen.jpg,2483077252
149,Marcin Lehtonen,Marcin_Lehtonen.jpg,3079714839
150,Magda Moser,Magda_Moser.jpg,1737502538
151,Luke Hopper,Luke_Hopper.jpg,1587028912
152,Luke Bylett,Luke_Bylett.jpg,1601728664
153,Luis torres,Luis_torres.jpg,3241778000
154,Liam David,Liam_David.jpg,1456743468
155,Lena Leitner,Lena_Leitner.jpg,7900920075
156,Laura Wagner,Laura_Wagner.jpg,2593491706
157,Ksenia Winkler,Ksenia_Winkler.jpg,3136816900
158,Kristina Mayer,Kristina_Mayer.jpg,1978875215
159,Klaudia Huber,Klaudia_Huber.jpg,2844132274
160,Kirill Salonen,Kirill_Salonen.jpg,2445173179
162,Killian Lucas,Killian_Lucas.jpg,7623919505
163,Keenan Ross,Keenan_Ross.jpg,1110716519
164,Katerina Berger,Katerina_Berger.jpg,2656540431
165,Just rushlo,Just_rushlo.jpg,2637039572
166,Justin vue,Justin_vue.jpg,4646322458
167,Justin griffis,Justin_griffis.jpg,8022171813
168,Josh mille,Josh_mille.jpg,1970918564
169,Jose torres,Jose_torres.jpg,3313222459
170,Joseph stockman,Joseph_stockman.jpg,1916389214
171,Jorge torres,Jorge_torres.jpg,1124328540
172,Jordan Grocott,Jordan_Grocott.jpg,1450233257
173,Jonathan Gadd,Jonathan_Gadd.jpg,8071457441
174,John onwing,John_onwing.jpg,2616209826
175,John Mckenna,John_Mckenna.jpg,1845921543
176,Johan Rhys,Johan_Rhys.jpg,8903318991
177,Joanna Steiner,Joanna_Steiner.jpg,4418618458
178,Jessica steffani,Jessica_steffani.jpg,1016856432
179,Jessica Liu,Jessica_Liu.jpg,1666023965
180,Jeff griffis,Jeff_griffis.jpg,7658530229
181,Jan Tuominen,Jan_Tuominen.jpg,2430442185
182,James Sleet,James_Sleet.jpg,2509280682
183,James Gordon,James_Gordon.jpg,2529936649
184,James Cole,James_Cole.jpg,3167343056
185,Jacob miller,Jacob_miller.jpg,6484027917
186,Jacob blagg,Jacob_blagg.jpg,2659991716
187,Jackson Gordon,Jackson_Gordon.jpg,2963327686
188,ilya Turunen,ilya_Turunen.jpg,1923249832
189,Igor Makela,Igor_Makela.jpg,2851092947
190,Helen Schmid,Helen_Schmid.jpg,2656314486
191,Filip Heikkila,Filip_Heikkila.jpg,1212417645
192,Eva Eder,Eva_Eder.jpg,2642850971
193,Egor Salminen,Egor_Salminen.jpg,1674530657
195,Dominik Salo,Dominik_Salo.jpg,4198725954
196,Denis Lehtinen,Denis_Lehtinen.jpg,1829741980
197,Bartek Makinen,Bartek_Makinen.jpg,2750558260
198,Ann Gruber,Ann_Gruber.jpg,1163489147
199,Ania Schwarz,Ania_Schwarz.jpg,5121742367
200,Andrei Saarinen,Andrei_Saarinen.jpg,2720904054
201,Adrian Laine,Adrian_Laine.jpg,3301077328
202,Pranshu Desai,Pranshu_Desai.jpg,1343789304
203,Ankur Ranpariya,Ankur_Ranpariya.jpg,1812901680
204,Abhishek Malpani,Abhishek_Malpani.jpg,2874093501
205,Zenobia Finn,Zenobia_Finn.jpg,2437135633
206,Zelda Gilliard,Zelda_Gilliard.jpg,1518669075
207,Ying Schoen,Ying_Schoen.jpg,1340320398
208,Wilda Tisch,Wilda_Tisch.jpg,3114918309
209,Wava Burgett,Wava_Burgett.jpg,1539158364
210,Vertie Leyva,Vertie_Leyva.jpg,3383784585
211,Vernetta Sheely,Vernetta_Sheely.jpg,4806745271
212,Vella Mehr,Vella_Mehr.jpg,7102717242
213,Vannesa Maliszewski,Vannesa_Maliszewski.jpg,3371889129
214,Vanda Pennebaker,Vanda_Pennebaker.jpg,3331815410
215,Tuan Klinge,Tuan_Klinge.jpg,2309522247
216,Truman Toups,Truman_Toups.jpg,1350556335
217,Trinity Applebaum,Trinity_Applebaum.jpg,3312153853
218,Tony Kreiner,Tony_Kreiner.jpg,2691176364
219,Tiffani Mckernan,Tiffani_Mckernan.jpg,2323807058
220,Theressa Liller,Theressa_Liller.jpg,1493185130
221,Tessa Gullickson,Tessa_Gullickson.jpg,2383635172
222,Tennie Riel,Tennie_Riel.jpg,2131072392
223,Tanika Gagner,Tanika_Gagner.jpg,1611156380
224,Takisha Wheat,Takisha_Wheat.jpg,4737119185
225,Susie Sesco,Susie_Sesco.jpg,3091255410
226,Stephaine Sweeney,Stephaine_Sweeney.jpg,1759675268
227,Sol Gebhardt,Sol_Gebhardt.jpg,1608167031
228,Solange Iler,Solange_Iler.jpg,9117905292
229,Simonne Rozman,Simonne_Rozman.jpg,3253047078
230,Shizue Chiaramonte,Shizue_Chiaramonte.jpg,8915580903
231,Shirly Oyama,Shirly_Oyama.jpg,1450232450
232,Sherrie Radcliffe,Sherrie_Radcliffe.jpg,1413705467
233,Sheree Bylsma,Sheree_Bylsma.jpg,1832131702
234,Shemeka Musser,Shemeka_Musser.jpg,1738529723
235,Sharlene Johns,Sharlene_Johns.jpg,4854968954
236,Shantel Tarter,Shantel_Tarter.jpg,5542641888
237,Shannan Lucht,Shannan_Lucht.jpg,1143426885
238,Shae Kress,Shae_Kress.jpg,1140574076
239,Scarlet Casady,Scarlet_Casady.jpg,4005365075
240,Savanna Edmond,Savanna_Edmond.jpg,2743604700
241,Saturnina Walling,Saturnina_Walling.jpg,5682565174
242,Salvador Cady,Salvador_Cady.jpg,1051930116
243,Rudolf Eggleston,Rudolf_Eggleston.jpg,3114313774
244,Royce Mahan,Royce_Mahan.jpg,5981842717
245,Ron Granville,Ron_Granville.jpg,4258292753
246,Romona Gettinger,Romona_Gettinger.jpg,1409079994
247,Reyna Scanlan,Reyna_Scanlan.jpg,3322738348
248,Rex Lipham,Rex_Lipham.jpg,1342116611
249,Rafaela Gehrke,Rafaela_Gehrke.jpg,1454147935
250,Perla Tabon,Perla_Tabon.jpg,6341310700
251,Pauletta Brunn,Pauletta_Brunn.jpg,2596109040
252,Patience Belville,Patience_Belville.jpg,9674839634
253,Olinda Harshaw,Olinda_Harshaw.jpg,2484317449
254,Odilia Deshields,Odilia_Deshields.jpg,1656867166
255,Nicole Kirkley,Nicole_Kirkley.jpg,5323616079
256,Nella Seng,Nella_Seng.jpg,2902227098
257,Myrta Meldrum,Myrta_Meldrum.jpg,1633989148
258,Myrl Houck,Myrl_Houck.jpg,2421463203
259,Mimi Moody,Mimi_Moody.jpg,2035624111
260,Milton Pilot,Milton_Pilot.jpg,3191862574
261,Miki Riggins,Miki_Riggins.jpg,2536278903
262,Mickey Kuykendall,Mickey_Kuykendall.jpg,2783540990
263,Michele Kittel,Michele_Kittel.jpg,5186230914
264,Mia Duplantis,Mia_Duplantis.jpg,1426389374
265,Merrie Albers,Merrie_Albers.jpg,1490668000
266,Mckenzie Radtke,Mckenzie_Radtke.jpg,8362821613
267,Maurita Grippo,Maurita_Grippo.jpg,1309878616
268,Maurice Sandford,Maurice_Sandford.jpg,1208890119
269,Matthew Devoe,Matthew_Devoe.jpg,1213859122
270,Marx Fujiwara,Marx_Fujiwara.jpg,1949274240
271,Marvella Vital,Marvella_Vital.jpg,3228994059
272,Marcella Rowden,Marcella_Rowden.jpg,1021189156
273,Marcela Goebel,Marcela_Goebel.jpg,3280750038
274,Manie Eiler,Manie_Eiler.jpg,8737329388
275,Manda Onken,Manda_Onken.jpg,2804543574
276,Mallie Southard,Mallie_Southard.jpg,2743859012
277,Maire Vivian,Maire_Vivian.jpg,6998366433
278,Madelene Kosakowski,Madelene_Kosakowski.jpg,8929390140
279,Lynsey Doughty,Lynsey_Doughty.jpg,1478246292
280,Lurlene Pearlman,Lurlene_Pearlman.jpg,1982477881
281,Lucretia Selfridge,Lucretia_Selfridge.jpg,2559781838
282,Louis Dorsch,Louis_Dorsch.jpg,3214024807
283,Lorraine Lakey,Lorraine_Lakey.jpg,2232536802
284,Lois Forsythe,Lois_Forsythe.jpg,3277557070
285,Lisette Riggenbach,Lisette_Riggenbach.jpg,2117946340
286,Linwood Trotter,Linwood_Trotter.jpg,1416149417
287,Linsey Talarico,Linsey_Talarico.jpg,2623056388
288,Leigha Wieder,Leigha_Wieder.jpg,2006725421
289,Leanne Guitierrez,Leanne_Guitierrez.jpg,2129498689
290,Lean Montero,Lean_Montero.jpg,2296588346
291,Lazaro Hiles,Lazaro_Hiles.jpg,2856191414
292,Lavon Berkowitz,Lavon_Berkowitz.jpg,2209917904
293,Lavada Kettler,Lavada_Kettler.jpg,1190729721
294,Latrice Marley,Latrice_Marley.jpg,1219993696
295,Latisha Chynoweth,Latisha_Chynoweth.jpg,2260393821
296,Larae Poplin,Larae_Poplin.jpg,3224137449
297,Laci Sellars,Laci_Sellars.jpg,2413037180
298,Lacey Imai,Lacey_Imai.jpg,1806653913
299,Kymberly Turnbull,Kymberly_Turnbull.jpg,2896276826
300,Kira Mayhew,Kira_Mayhew.jpg,4986476034
301,Kiana Paladino,Kiana_Paladino.jpg,1069844848
302,Kennith Weise,Kennith_Weise.jpg,2534168928
303,Kendrick Claeys,Kendrick_Claeys.jpg,5660409346
304,Keisha Erikson,Keisha_Erikson.jpg,3337041995
305,Keiko Kimberly,Keiko_Kimberly.jpg,4087974209
306,Katrice Pritt,Katrice_Pritt.jpg,2622727537
307,Kathie Bloodworth,Kathie_Bloodworth.jpg,1088380302
308,Karey Mata,Karey_Mata.jpg,1743030788
309,Kacy Danks,Kacy_Danks.jpg,1441247485
310,Joy Westberry,Joy_Westberry.jpg,1064584819
311,Jonna Weisbrod,Jonna_Weisbrod.jpg,7090114237
312,Jonathan Sheppard,Jonathan_Sheppard.jpg,2552082980
313,Jonah Crissman,Jonah_Crissman.jpg,1052185368
314,Jolyn Newhall,Jolyn_Newhall.jpg,1905112905
315,Jodie Brost,Jodie_Brost.jpg,2429267454
316,Jeromy Toner,Jeromy_Toner.jpg,1647284887
317,Jennine Hardt,Jennine_Hardt.jpg,2799076636
318,Jeniffer Heyen,Jeniffer_Heyen.jpg,2466374452
319,Jeanmarie Obyrne,Jeanmarie_Obyrne.jpg,2067604272
320,Jaymie Knuckles,Jaymie_Knuckles.jpg,9716550372
321,Jarred Rodney,Jarred_Rodney.jpg,3262773201
322,Jannet Weldy,Jannet_Weldy.jpg,3013320930
323,Jani Cebula,Jani_Cebula.jpg,3920003947
324,Jack Maxfield,Jack_Maxfield.jpg,8802951466
325,Irma Venema,Irma_Venema.jpg,1152445683
326,Hye Yochum,Hye_Yochum.jpg,4823810032
327,Holley Teegarden,Holley_Teegarden.jpg,8941859099
328,Hobert Meggs,Hobert_Meggs.jpg,2458756506
329,Hermina Rakestraw,Hermina_Rakestraw.jpg,7431201473
330,Granville Percival,Granville_Percival.jpg,1473582282
331,Gisele Hoisington,Gisele_Hoisington.jpg,2848550454
332,Franklyn Marcinkowski,Franklyn_Marcinkowski.jpg,6685561715
333,Frances Santerre,Frances_Santerre.jpg,3082825080
334,Fabian Arno,Fabian_Arno.jpg,3346088867
335,Ezra Moriarty,Ezra_Moriarty.jpg,9571790896
336,Everette Bureau,Everette_Bureau.jpg,1934837668
337,Evan Moreau,Evan_Moreau.jpg,1373265951
338,Eula Huneke,Eula_Huneke.jpg,7922724821
339,Eric Torbert,Eric_Torbert.jpg,1793278876
340,Elton Panganiban,Elton_Panganiban.jpg,9069822457
341,Ellyn Heyer,Ellyn_Heyer.jpg,1205497519
342,Edra Weatherford,Edra_Weatherford.jpg,8224548332
343,Eddy Sok,Eddy_Sok.jpg,2309155063
344,Dyan Portier,Dyan_Portier.jpg,2948005562
345,Dustin Murray,Dustin_Murray.jpg,2903976541
346,Dudley Shouse,Dudley_Shouse.jpg,5078979872
347,Devin Swarey,Devin_Swarey.jpg,1586387598
348,Denna Bliss,Denna_Bliss.jpg,3997834016
349,Delfina Morel,Delfina_Morel.jpg,1056566050
350,Deidra Ballow,Deidra_Ballow.jpg,1958987344
351,Darell Donat,Darell_Donat.jpg,7261712811
352,Dani Mumper,Dani_Mumper.jpg,1460804825
353,Dalene Stake,Dalene_Stake.jpg,4893302485
354,Cyril Peacock,Cyril_Peacock.jpg,2692182225
355,Cristen Hohman,Cristen_Hohman.jpg,2808276519
356,Corinne Simek,Corinne_Simek.jpg,4560514191
357,Coretta Spears,Coretta_Spears.jpg,5693610600
358,Coralie Landey,Coralie_Landey.jpg,2310712458
359,Conchita Bennet,Conchita_Bennet.jpg,1701270012
360,Columbus Manges,Columbus_Manges.jpg,1474526565
361,Clint Serio,Clint_Serio.jpg,2804135974
362,Cleora Hardin,Cleora_Hardin.jpg,2223452168
363,Cindi Moores,Cindi_Moores.jpg,1952535944
364,Christin Willman,Christin_Willman.jpg,2673777820
365,Cherie Huggard,Cherie_Huggard.jpg,3110256791
366,Catherina Poythress,Catherina_Poythress.jpg,1901018958
367,Cassi Murff,Cassi_Murff.jpg,1804864522
368,Cassandra Rakow,Cassandra_Rakow.jpg,1148932765
369,Carmine Lenihan,Carmine_Lenihan.jpg,3064565040
370,Callie Dvorak,Callie_Dvorak.jpg,2735030362
371,Brent Groleau,Brent_Groleau.jpg,8426673175
372,Brandon Schwartzkopf,Brandon_Schwartzkopf.jpg,1005690615
373,Brad Maize,Brad_Maize.jpg,2840723667
374,Bertie Greenberg,Bertie_Greenberg.jpg,7269711240
375,Bernie Vasconcellos,Bernie_Vasconcellos.jpg,1831493178
376,Arnetta Brumfield,Arnetta_Brumfield.jpg,7609693459
377,Arlinda Hickok,Arlinda_Hickok.jpg,2145352262
378,Arlen Hornberger,Arlen_Hornberger.jpg,1865857984
379,Ardelle Mawson,Ardelle_Mawson.jpg,2507385502
380,Ardella Drumm,Ardella_Drumm.jpg,6079730034
381,Antone Saiz,Antone_Saiz.jpg,1332308686
382,Antione Peer,Antione_Peer.jpg,2502578108
383,Andrew Calloway,Andrew_Calloway.jpg,2610171574
384,Andreas Yoo,Andreas_Yoo.jpg,1694486837
385,Alona Hague,Alona_Hague.jpg,3472944936
386,Alissa Rosebrook,Alissa_Rosebrook.jpg,1629033293
387,Aleida Vanantwerp,Aleida_Vanantwerp.jpg,2419442283
388,Aileen Philpot,Aileen_Philpot.jpg,2181561246
389,Agustina Raley,Agustina_Raley.jpg,3105684201
390,Adina Gulbranson,Adina_Gulbranson.jpg,2505328747
391,Adelaida Culp,Adelaida_Culp.jpg,3406952062